,ticker,quarter_end,notice,total_assets,total_liabilities,intangible_assets,shareholders_equity,total_equity
0,A,31-Jul-2019,All values USD millions.,8.63B,3.88B,3.62B,4.75B,4.75B
1,AAL,30-Jun-2019,All values USD millions.,61.97B,61.99B,6.2B,(169M),(169M)
2,AAON,30-Jun-2019,All values USD millions.,342.25M,77.68M,3.62M,264.57M,264.57M
3,AAP,31-Jul-2019,All values USD millions.,11.27B,7.6B,1.51B,3.67B,3.67B
4,AAPL,30-Jun-2019,All values USD millions.,322.24B,225.78B,-,96.46B,96.46B
5,AATDF,31-Jan-2019,All values GBP millions.,1.83B,3.52B,1.33B,(1.76B),(1.76B)
6,ABBV,30-Jun-2019,All values USD millions.,57.14B,65.71B,36.1B,(8.45B),(8.45B)
7,ABC,30-Jun-2019,All values USD millions.,38.48B,35.37B,9.04B,2.99B,3.11B
8,ABEV,30-Jun-2019,All values BRL millions.,100.94B,38.01B,40.39B,61.63B,62.93B
9,ABMD,30-Jun-2019,All values USD millions.,1.13B,122.47M,48.45M,1B,1B
10,ABT,30-Jun-2019,All values USD millions.,68.43B,36.53B,41.42B,31.69B,31.89B
11,ACB,31-Mar-2019,All values CAD millions.,5.55B,1.16B,3.88B,4.39B,4.39B
12,ACN,31-May-2019,All values USD millions.,28.16B,14.01B,6.92B,13.74B,14.14B
13,ADBE,31-May-2019,All values USD millions.,19.67B,9.73B,12.62B,9.93B,9.93B
14,ADI,31-Jul-2019,All values USD millions.,21.57B,9.78B,16.59B,11.79B,11.79B
15,ADM,30-Jun-2019,All values USD millions.,42.62B,23.58B,5.55B,18.96B,19.03B
16,ADP,30-Jun-2019,All values USD millions.,41.89B,36.49B,3.39B,5.4B,5.4B
17,ADS,30-Jun-2019,All values USD millions.,30.74B,28.35B,1.16B,2.39B,2.39B
18,ADSK,31-Jul-2019,All values USD millions.,4.87B,5.07B,2.52B,(210.9M),(210.9M)
19,AEE,30-Jun-2019,All values USD millions.,28.1B,20.17B,411M,7.79B,7.93B
20,AEG,31-Dec-2018,All values EUR millions.,372.13B,352.82B,604M,19.28B,19.31B
21,AEP,30-Jun-2019,All values USD millions.,72.55B,53B,52.5M,19.26B,19.49B
22,AES,30-Jun-2019,All values USD millions.,33.24B,26.87B,1.52B,4.1B,6.36B
23,AFL,30-Jun-2019,All values USD millions.,151.4B,123.16B,-,28.24B,28.24B
24,AGESY,30-Jun-2019,All values EUR millions.,107.57B,95.18B,1.12B,10.23B,12.39B
25,AGN,30-Jun-2019,All values USD millions.,95.48B,35.78B,83.57B,59.67B,59.7B
26,AIG,30-Jun-2019,All values USD millions.,522.27B,456.16B,-,64.54B,66.11B
27,AIV,30-Jun-2019,All values USD millions.,6.24B,4.3B,-,1.76B,1.94B
28,AIZ,30-Jun-2019,All values USD millions.,43.14B,37.38B,2.9B,5.73B,5.76B
29,AJG,30-Jun-2019,All values USD millions.,19.2B,14.25B,7.25B,4.88B,4.95B
30,AKAM,30-Jun-2019,All values USD millions.,5.34B,1.95B,1.76B,3.39B,3.39B
31,ALB,30-Jun-2019,All values USD millions.,8.09B,4.12B,1.94B,3.8B,3.97B
32,ALE,30-Jun-2019,All values USD millions.,5.18B,2.97B,1.1M,2.21B,2.21B
33,ALGN,30-Jun-2019,All values USD millions.,2.35B,972.34M,78.85M,1.37B,1.37B
34,ALK,30-Jun-2019,All values USD millions.,12.95B,8.98B,2.07B,3.97B,3.97B
35,ALL,30-Jun-2019,All values USD millions.,118.37B,93.9B,2.55B,24.48B,24.48B
36,ALLE,30-Jun-2019,All values USD millions.,2.85B,2.19B,1.41B,660.5M,663.6M
37,ALO,30-Jun-2019,All values CAD millions.,444.6M,115.51M,-,329.09M,329.09M
38,ALXN,30-Jun-2019,All values USD millions.,14.57B,4.4B,8.53B,10.16B,10.16B
39,AMAT,31-Jul-2019,All values USD millions.,18.81B,10.69B,3.57B,8.12B,8.12B
40,AMCR,nan,nan,nan,nan,nan,nan,nan
41,AMCX,30-Jun-2019,All values USD millions.,5.56B,4.69B,1.35B,541.82M,871.3M
42,AMD,30-Jun-2019,All values USD millions.,5.1B,3.2B,520M,1.9B,1.9B
43,AME,30-Jun-2019,All values USD millions.,9.07B,4.4B,5.95B,4.67B,4.67B
44,AMG,30-Jun-2019,All values USD millions.,7.73B,3.17B,3.9B,3.23B,4.55B
45,AMGN,30-Jun-2019,All values USD millions.,59.37B,48.58B,21.5B,10.79B,10.79B
46,AMKR,30-Jun-2019,All values USD millions.,4.31B,2.48B,26.16M,1.81B,1.83B
47,AMP,30-Jun-2019,All values USD millions.,148.68B,142.65B,-,6.03B,6.03B
48,AMT,30-Jun-2019,All values USD millions.,39.07B,32.44B,16.45B,5.48B,6.63B
49,AMZN,30-Jun-2019,All values USD millions.,191.35B,138.29B,14.73B,53.06B,53.06B
50,ANET,30-Jun-2019,All values USD millions.,3.44B,915.73M,105.3M,2.53B,2.53B
51,ANSS,30-Jun-2019,All values USD millions.,3.51B,695.56M,2.06B,2.82B,2.82B
52,ANTM,30-Jun-2019,All values USD millions.,75.85B,45.06B,29.34B,30.79B,30.79B
53,AON,30-Jun-2019,All values USD millions.,29.81B,25.89B,9.17B,3.84B,3.91B
54,AOS,30-Jun-2019,All values USD millions.,3.18B,1.45B,891.6M,1.73B,1.73B
55,AOSL,30-Jun-2019,All values USD millions.,739.39M,296.11M,16.88M,291.02M,443.29M
56,APA,30-Jun-2019,All values USD millions.,21.81B,13.13B,-,6.55B,8.68B
57,APD,30-Jun-2019,All values USD millions.,19.53B,7.81B,1.26B,11.39B,11.73B
58,APH,30-Jun-2019,All values USD millions.,10.63B,6.43B,5.17B,4.15B,4.2B
59,APHA,31-May-2019,All values CAD millions.,2.44B,708.44M,1.06B,1.7B,1.73B
60,APTV,30-Jun-2019,All values USD millions.,13.11B,9.38B,3.82B,3.52B,3.73B
61,ARCO,30-Jun-2019,All values USD millions.,2.41B,2.03B,41.6M,379.85M,380.18M
62,ARE,30-Jun-2019,All values USD millions.,16.04B,7.63B,158.57M,7.63B,8.41B
63,ARNC,30-Jun-2019,All values USD millions.,17.91B,13.05B,5.19B,4.85B,4.87B
64,ARR,30-Jun-2019,All values USD millions.,14.92B,13.55B,-,1.38B,1.38B
65,ATO,30-Jun-2019,All values USD millions.,12.88B,7.24B,730.42M,5.64B,5.64B
66,ATVI,30-Jun-2019,All values USD millions.,17.5B,5.52B,10.49B,11.98B,11.98B
67,AUO,30-Jun-2019,All values TWD millions.,421.79B,216.77B,13.15B,192.16B,205.02B
68,AVA,30-Jun-2019,All values USD millions.,5.88B,3.99B,52.43M,1.88B,1.88B
69,AVB,30-Jun-2019,All values USD millions.,18.93B,8.18B,-,10.75B,10.75B
70,AVGO,30-Apr-2019,All values USD millions.,70.92B,48.74B,56.85B,22.17B,22.17B
71,AVH,30-Jun-2019,All values COP millions.,24.41T,22.96T,1.65T,2.11T,1.45T
72,AVY,30-Jun-2019,All values USD millions.,5.39B,4.33B,1.08B,1.06B,1.06B
73,AWK,30-Jun-2019,All values USD millions.,21.85B,15.83B,1.65B,6.03B,6.03B
74,AWR,30-Jun-2019,All values USD millions.,1.57B,988.5M,1.12M,578.79M,578.79M
75,AXP,30-Jun-2019,All values USD millions.,197.6B,174.51B,-,23.09B,23.09B
76,AZO,30-Apr-2019,All values USD millions.,9.77B,11.36B,309.55M,(1.52B),(1.52B)
77,BA,30-Jun-2019,All values USD millions.,126.26B,131.2B,11.81B,339M,410M
78,BAC,30-Jun-2019,All values USD millions.,2.4T,,70.65B,271.41B,271.41B
79,BAMXF,30-Jun-2019,All values EUR millions.,219.01B,162.04B,11.17B,56.44B,56.97B
80,BAX,30-Jun-2019,All values USD millions.,17.54B,9.71B,4.3B,7.81B,7.84B
81,BBT,30-Jun-2019,All values USD millions.,230.87B,,10.54B,31.7B,31.76B
82,BBY,31-Jul-2019,All values USD millions.,14.98B,11.69B,965M,3.29B,3.29B
83,BCE,30-Jun-2019,All values CAD millions.,60.21B,39.75B,23.91B,20.13B,20.46B
84,BCH,30-Jun-2019,All values CLP millions.,37.25T,,211.09B,3.39T,3.39T
85,BCRH,30-Jun-2019,All values USD millions.,139.5M,48.6M,-,90.9M,90.9M
86,BDX,30-Jun-2019,All values USD millions.,52.23B,30.74B,38.84B,21.5B,21.5B
87,BEN,30-Jun-2019,All values USD millions.,14.46B,3.09B,3.01B,9.91B,11.37B
88,BF.B,31-Jul-2019,All values USD millions.,5.32B,3.66B,1.41B,1.66B,1.66B
89,BHGE,30-Jun-2019,All values USD millions.,52.88B,18.1B,26.22B,17.39B,34.78B
90,BIIB,30-Jun-2019,All values USD millions.,26.29B,13.34B,9.43B,12.95B,12.95B
91,BK,30-Jun-2019,All values USD millions.,381.17B,,20.5B,41.53B,41.84B
92,BKCC,30-Jun-2019,All values USD millions.,756.73M,287.58M,-,469.15M,469.15M
93,BKE,30-Apr-2019,All values USD millions.,880.37M,482.41M,-,397.96M,397.96M
94,BKEAY,30-Jun-2019,All values HKD millions.,876.78B,,1.93B,93.26B,96.09B
95,BKNG,30-Jun-2019,All values USD millions.,21.49B,16.19B,4.96B,5.31B,5.31B
96,BLK,30-Jun-2019,All values USD millions.,163.35B,130.69B,32.99B,31.89B,32.66B
97,BLL,30-Jun-2019,All values USD millions.,17.11B,13.55B,6.54B,3.46B,3.56B
98,BLX,30-Jun-2019,All values USD millions.,6.58B,,1.42M,1B,1B
99,BMO,31-Jul-2019,All values CAD millions.,839.18B,,8.65B,50.64B,50.64B
100,BMY,30-Jun-2019,All values USD millions.,55.16B,39.01B,7.53B,16.05B,16.15B
101,BNS,31-Jul-2019,All values CAD millions.,1.07T,,17.61B,67.42B,70.13B
102,BP,30-Jun-2019,All values GBP millions.,230.35B,148.93B,21.83B,79.74B,81.42B
103,BR,30-Jun-2019,All values USD millions.,3.88B,2.75B,2.06B,1.13B,1.13B
104,BRK-A,30-Jun-2019,All values USD millions.,760.11B,373.72B,112.93B,382.54B,386.39B
105,BRK.B,30-Jun-2019,All values USD millions.,760.11B,373.72B,112.93B,382.54B,386.39B
106,BRRAY,31-Mar-2019,All values ZAR millions.,47.75B,24.62B,3.44B,22.6B,23.13B
107,BSX,30-Jun-2019,All values USD millions.,24.31B,14.88B,14.94B,9.43B,9.43B
108,BTE,30-Jun-2019,All values CAD millions.,6.22B,3.16B,-,3.06B,3.06B
109,BTLCY,31-Mar-2019,All values GBP millions.,12.26B,3.57B,10M,8.48B,8.69B
110,BWA,30-Jun-2019,All values USD millions.,10.23B,5.73B,2.27B,4.39B,4.5B
111,BXEFF,30-Jun-2019,All values CAD millions.,1.27B,545.15M,-,722.79M,722.79M
112,BXP,30-Jun-2019,All values USD millions.,21.27B,13.25B,-,5.72B,8.02B
113,BYPLF,30-Jun-2019,All values GBP millions.,1.08B,378.6M,221M,696.8M,697.6M
114,C,30-Jun-2019,All values USD millions.,1.99T,,26.58B,197.36B,198.11B
115,CACC,30-Jun-2019,All values USD millions.,6.91B,4.69B,-,2.22B,2.22B
116,CAG,31-May-2019,All values USD millions.,22.21B,14.75B,16.16B,7.38B,7.46B
117,CAH,30-Jun-2019,All values USD millions.,40.96B,34.63B,11.81B,6.33B,6.33B
118,CAJ,30-Jun-2019,All values JPY millions.,4.81T,1.91T,1.26T,2.71T,2.9T
119,CALM,31-May-2019,All values USD millions.,1.16B,166.47M,59.29M,986.62M,989.81M
120,CAT,30-Jun-2019,All values USD millions.,79.19B,64.31B,7.94B,14.84B,14.88B
121,CB,30-Jun-2019,All values USD millions.,174.52B,120.71B,21.57B,53.8B,53.8B
122,CBL,30-Jun-2019,All values USD millions.,5.05B,4.13B,-,863.81M,921.27M
123,CBOE,30-Jun-2019,All values USD millions.,5.16B,1.83B,4.36B,3.33B,3.33B
124,CBRE,30-Jun-2019,All values USD millions.,14.72B,9.33B,5B,5.35B,5.39B
125,CBS,30-Jun-2019,All values USD millions.,23.84B,19.08B,7.72B,4.75B,4.75B
126,CCI,30-Jun-2019,All values USD millions.,38.15B,26.62B,15.15B,11.52B,11.52B
127,CCL,31-May-2019,All values USD millions.,44.51B,20.41B,4.08B,24.11B,24.11B
128,CCLAY,30-Jun-2019,All values AUD millions.,6.35B,4.46B,1.26B,1.52B,1.89B
129,CCM,30-Jun-2019,All values USD millions.,657.39M,284.15M,89.79M,26.71M,373.25M
130,CCU,31-Mar-2019,All values CLP millions.,2.36T,988.29B,235.41B,1.26T,1.37T
131,CDNS,30-Jun-2019,All values USD millions.,2.61B,1.18B,860.55M,1.43B,1.43B
132,CE,30-Jun-2019,All values USD millions.,9.51B,6.25B,1.41B,2.86B,3.25B
133,CELG,30-Jun-2019,All values USD millions.,39.18B,29.13B,23.99B,10.05B,10.05B
134,CERN,30-Jun-2019,All values USD millions.,7.28B,2.56B,2.15B,4.72B,4.72B
135,CF,30-Jun-2019,All values USD millions.,12.86B,7.05B,2.46B,3.07B,5.82B
136,CFG,30-Jun-2019,All values USD millions.,162.75B,,7.04B,22.02B,22.02B
137,CGC,30-Jun-2019,All values CAD millions.,8.65B,2.75B,2.46B,5.61B,5.89B
138,CHD,30-Jun-2019,All values USD millions.,6.66B,4.06B,4.88B,2.6B,2.6B
139,CHRW,30-Jun-2019,All values USD millions.,4.68B,3.02B,1.4B,1.66B,1.66B
140,CHT,30-Jun-2019,All values TWD millions.,489.46B,121.22B,48.93B,358.58B,368.25B
141,CHTR,nan,nan,nan,nan,nan,nan,nan
142,CI,30-Jun-2019,All values USD millions.,154.4B,110.55B,82.17B,43.82B,43.85B
143,CICOY,31-Mar-2019,All values HKD millions.,299.27B,226.72B,15.63B,34.04B,72.55B
144,CINF,30-Jun-2019,All values USD millions.,24.34B,15.21B,-,9.13B,9.13B
145,CIT,30-Jun-2019,All values USD millions.,50.56B,44.64B,447.5M,5.92B,5.92B
146,CL,30-Jun-2019,All values USD millions.,13.15B,13.16B,4.15B,(102M),197M
147,CLNE,30-Jun-2019,All values USD millions.,694.87M,186.74M,66.03M,494.94M,508.13M
148,CLX,30-Jun-2019,All values USD millions.,5.12B,4.56B,2.5B,559M,559M
149,CM,31-Jul-2019,All values CAD millions.,642.52B,,7.49B,37.83B,38.01B
150,CMA,30-Jun-2019,All values USD millions.,72.54B,,-,7.32B,7.32B
151,CMCM,30-Jun-2019,All values USD millions.,1.23B,299.06M,101.08M,813.46M,932.77M
152,CMCSA,30-Jun-2019,All values USD millions.,256.56B,177.4B,163.39B,76.85B,79.16B
153,CME,30-Jun-2019,All values USD millions.,70.35B,43.86B,33.28B,26.46B,26.48B
154,CMG,30-Jun-2019,All values USD millions.,4.66B,3.12B,21.94M,1.54B,1.54B
155,CMI,30-Jun-2019,All values USD millions.,20.25B,11.06B,2.03B,8.28B,9.2B
156,CMO,30-Jun-2019,All values USD millions.,11.93B,10.9B,-,1.02B,1.02B
157,CMS,30-Jun-2019,All values USD millions.,25.29B,20.4B,-,4.85B,4.89B
158,CNC,30-Jun-2019,All values USD millions.,34.37B,22.1B,9.29B,12.15B,12.27B
159,CNP,30-Jun-2019,All values USD millions.,34.19B,25.93B,5.55B,8.26B,8.26B
160,CNQ,30-Jun-2019,All values CAD millions.,78.96B,44.68B,-,34.27B,34.27B
161,CNS,30-Jun-2019,All values USD millions.,404M,109.52M,19.71M,256.38M,294.48M
162,COF,30-Jun-2019,All values USD millions.,373.62B,,14.74B,55.77B,55.77B
163,COG,30-Jun-2019,All values USD millions.,4.56B,2.22B,-,2.34B,2.34B
164,COO,31-Jul-2019,All values USD millions.,6.17B,2.56B,3.83B,3.62B,3.62B
165,COP,30-Jun-2019,All values USD millions.,71.26B,38.19B,-,32.98B,33.07B
166,COST,31-May-2019,All values USD millions.,43.75B,28.93B,-,14.49B,14.82B
167,COTY,30-Jun-2019,All values USD millions.,17.67B,12.62B,12.5B,4.59B,5.05B
168,CPB,31-Jul-2019,All values USD millions.,13.15B,11.57B,7.43B,1.11B,1.11B
169,CPRI,30-Jun-2019,All values USD millions.,8.31B,5.98B,3.9B,2.32B,2.33B
170,CPRT,30-Apr-2019,All values USD millions.,2.39B,772.91M,395.35M,1.62B,1.62B
171,CPSI,30-Jun-2019,All values USD millions.,345.09M,177.93M,238.86M,167.16M,167.16M
172,CRM,31-Jul-2019,All values USD millions.,33.34B,16.17B,14.92B,17.17B,17.17B
173,CRON,30-Jun-2019,All values CAD millions.,2.67B,1.44B,13.25M,1.22B,1.23B
174,CSCO,31-Jul-2019,All values USD millions.,97.79B,64.22B,35.73B,33.57B,33.57B
175,CSIOY,30-Jun-2019,All values JPY millions.,341.6B,137.81B,9.01B,203.79B,203.79B
176,CSTE,30-Jun-2019,All values USD millions.,688.7M,213.21M,35.21M,475.49M,475.49M
177,CSX,30-Jun-2019,All values USD millions.,37.92B,25.63B,-,12.28B,12.29B
178,CTAS,31-May-2019,All values USD millions.,7.63B,4.63B,3.37B,3B,3B
179,CTL,30-Jun-2019,All values USD millions.,64.51B,50.82B,31.73B,13.69B,13.69B
180,CTSH,30-Jun-2019,All values USD millions.,15.52B,4.96B,4.81B,10.56B,10.56B
181,CTST,31-Mar-2019,All values CAD millions.,224.53M,34.35M,-,190.18M,190.18M
182,CTVA,30-Jun-2019,All values USD millions.,44B,17.86B,22.08B,25.89B,26.14B
183,CTWS,30-Jun-2019,All values USD millions.,981.43M,685.85M,66.4M,295.58M,295.58M
184,CTXS,30-Jun-2019,All values USD millions.,3.94B,3.43B,1.95B,508.02M,508.02M
185,CVE,30-Jun-2019,All values CAD millions.,35.36B,16.31B,2.27B,19.05B,19.05B
186,CVS,30-Jun-2019,All values USD millions.,218.9B,157.31B,113.65B,61.28B,61.6B
187,CVX,30-Jun-2019,All values USD millions.,255.88B,98.43B,4.51B,156.4B,157.45B
188,CXO,30-Jun-2019,All values USD millions.,25.48B,7.52B,2.24B,17.96B,17.96B
189,CYH,30-Jun-2019,All values USD millions.,16.13B,17.39B,4.91B,(1.54B),(959M)
190,CYOU,30-Jun-2019,All values USD millions.,1.78B,1.4B,20.94M,373.56M,375.19M
191,D,30-Jun-2019,All values USD millions.,100.82B,72.44B,9.86B,27.7B,28.38B
192,DAL,30-Jun-2019,All values USD millions.,62.52B,48.56B,14.61B,13.96B,13.96B
193,DB,30-Jun-2019,All values EUR millions.,1.44T,,7.71B,58.74B,60.31B
194,DCOM,30-Jun-2019,All values USD millions.,6.5B,,55.64M,608.7M,608.7M
195,DD,31-Mar-2019,All values USD millions.,189.79B,95.69B,89.42B,92.44B,94.1B
196,DDS,31-Jul-2019,All values USD millions.,3.51B,1.87B,-,1.65B,1.65B
197,DE,31-Jul-2019,All values USD millions.,73.53B,61.25B,4.46B,12.27B,12.28B
198,DF,30-Jun-2019,All values USD millions.,2.32B,2.13B,143.32M,184.66M,195.76M
199,DFIN,30-Jun-2019,All values USD millions.,1.01B,760M,531.9M,249.1M,249.1M
200,DFS,30-Jun-2019,All values USD millions.,110.71B,,415M,11.49B,11.49B
201,DG,31-Jul-2019,All values USD millions.,21.92B,15.17B,5.54B,6.75B,6.75B
202,DGX,30-Jun-2019,All values USD millions.,11.76B,6.18B,7.78B,5.46B,5.59B
203,DHI,30-Jun-2019,All values USD millions.,15.22B,5.41B,163.5M,9.64B,9.81B
204,DHR,30-Jun-2019,All values USD millions.,53.32B,21.11B,37.5B,32.2B,32.21B
205,DIIBF,30-Jun-2019,All values CAD millions.,2.56B,1.85B,417.03M,716.09M,716.09M
206,DIS,30-Jun-2019,All values USD millions.,209.48B,104.22B,102.92B,90.47B,105.25B
207,DISCA,30-Jun-2019,All values USD millions.,33.85B,22.18B,22.39B,9.62B,11.67B
208,DISCK,30-Jun-2019,All values USD millions.,33.85B,22.18B,22.39B,9.62B,11.67B
209,DISH,30-Jun-2019,All values USD millions.,32.28B,22.45B,25.24B,9.33B,9.84B
210,DLR,30-Jun-2019,All values USD millions.,23.43B,12.94B,5.95B,9.56B,10.49B
211,DLTR,31-Jul-2019,All values USD millions.,19.49B,13.63B,5.4B,5.87B,5.87B
212,DO,30-Jun-2019,All values USD millions.,5.98B,2.58B,-,3.4B,3.4B
213,DOV,30-Jun-2019,All values USD millions.,8.78B,5.82B,4.92B,2.96B,2.96B
214,DOW,30-Jun-2019,All values USD millions.,64.89B,46.39B,13.85B,17.91B,18.5B
215,DRE,30-Jun-2019,All values USD millions.,8.01B,3.31B,-,4.64B,4.7B
216,DRI,31-May-2019,All values USD millions.,6.22B,3.83B,2.26B,2.39B,2.39B
217,DTE,30-Jun-2019,All values USD millions.,36.85B,26.28B,3.13B,10.4B,10.57B
218,DTEGY,30-Jun-2019,All values EUR millions.,164.21B,121.52B,66.27B,28.89B,42.69B
219,DUK,30-Jun-2019,All values USD millions.,153.45B,108.12B,19.3B,45.21B,45.33B
220,DVA,30-Jun-2019,All values USD millions.,19.93B,14.5B,6.99B,4.05B,5.43B
221,DVN,30-Jun-2019,All values USD millions.,16.65B,9.66B,841M,6.99B,6.99B
222,DXC,nan,nan,nan,nan,nan,nan,nan
223,EA,30-Jun-2019,All values USD millions.,9.75B,3.26B,1.97B,6.49B,6.49B
224,EBAY,30-Jun-2019,All values USD millions.,21.17B,17.06B,5.28B,4.11B,4.11B
225,EC,30-Jun-2019,All values COP millions.,125.12T,68.18T,1.31T,54.74T,56.93T
226,ECA,30-Jun-2019,All values CAD millions.,28.42B,15.33B,3.4B,13.09B,13.09B
227,ECL,30-Jun-2019,All values USD millions.,20.83B,12.56B,11.01B,8.23B,8.27B
228,ED,30-Jun-2019,All values USD millions.,55.6B,37.74B,2.05B,17.71B,17.87B
229,EDN,30-Jun-2019,All values ARS millions.,99.08B,50.81B,-,48.27B,48.27B
230,EFX,30-Jun-2019,All values USD millions.,7.47B,4.89B,5.48B,2.54B,2.59B
231,EIGI,30-Jun-2019,All values USD millions.,2.65B,2.49B,2.14B,162.23M,162.23M
232,EIX,30-Jun-2019,All values USD millions.,59.52B,46.61B,-,10.72B,12.91B
233,EL,30-Jun-2019,All values USD millions.,13.16B,8.75B,3.07B,4.39B,4.41B
234,ELP,30-Jun-2019,All values BRL millions.,36.22B,19.04B,6.19B,16.88B,17.18B
235,EMN,30-Jun-2019,All values USD millions.,16.26B,10.31B,6.57B,5.87B,5.95B
236,EMR,30-Jun-2019,All values USD millions.,21.32B,12.51B,9.24B,8.76B,8.8B
237,ENB,30-Jun-2019,All values CAD millions.,164.83B,92.02B,35.56B,69.35B,72.81B
238,ENQUF,31-Dec-2018,All values GBP millions.,4.45B,3.67B,222.95M,772.26M,772.26M
239,ENT,30-Jun-2019,All values USD millions.,703.53M,1B,233.21M,(225.74M),(225.74M)
240,EOG,30-Jun-2019,All values USD millions.,35.75B,15.12B,-,20.63B,20.63B
241,EQIX,30-Jun-2019,All values USD millions.,22.89B,14.14B,6.97B,8.75B,8.75B
242,EQR,30-Jun-2019,All values USD millions.,20.99B,10.18B,-,10.15B,10.82B
243,ES,30-Jun-2019,All values USD millions.,39B,26.89B,4.43B,11.95B,12.11B
244,ESALY,30-Jun-2019,All values JPY millions.,1.03T,394.08B,280.93B,607.84B,632.12B
245,ESS,30-Jun-2019,All values USD millions.,12.67B,6.29B,-,6.15B,6.38B
246,ETFC,30-Jun-2019,All values USD millions.,61.59B,54.72B,2.95B,6.87B,6.87B
247,ETN,30-Jun-2019,All values USD millions.,32.24B,15.88B,18.23B,16.31B,16.36B
248,ETR,30-Jun-2019,All values USD millions.,50.57B,40.55B,377.17M,10.02B,10.02B
249,EVRG,nan,nan,nan,nan,nan,nan,nan
250,EVRZF,30-Jun-2019,All values GBP millions.,7.72B,5.92B,854.88M,1.6B,1.8B
251,EW,30-Jun-2019,All values USD millions.,5.57B,2.07B,1.56B,3.5B,3.5B
252,EXC,30-Jun-2019,All values USD millions.,121.6B,87.69B,7.04B,31.55B,33.91B
253,EXPD,30-Jun-2019,All values USD millions.,3.65B,1.59B,7.93M,2.05B,2.05B
254,EXPE,30-Jun-2019,All values USD millions.,22.2B,16.27B,10.01B,4.34B,5.94B
255,EXR,30-Jun-2019,All values USD millions.,8.39B,5.56B,-,2.44B,2.83B
256,F,30-Jun-2019,All values USD millions.,262.18B,226.05B,265M,36.1B,36.14B
257,FANG,30-Jun-2019,All values USD millions.,23.17B,7.72B,-,14B,15.45B
258,FANUY,30-Jun-2019,All values JPY millions.,1.51T,163.1B,9.56B,1.34T,1.34T
259,FAST,30-Jun-2019,All values USD millions.,3.76B,1.25B,-,2.5B,2.5B
260,FB,30-Jun-2019,All values USD millions.,117.01B,28.24B,19.33B,88.76B,88.76B
261,FBHS,30-Jun-2019,All values USD millions.,6.34B,4B,3.31B,2.34B,2.34B
262,FCX,30-Jun-2019,All values USD millions.,41.09B,23.27B,-,9.71B,17.82B
263,FDX,31-May-2019,All values USD millions.,54.4B,36.65B,6.88B,17.76B,17.76B
264,FE,30-Jun-2019,All values USD millions.,40.88B,33.62B,5.62B,7.27B,7.27B
265,FFIV,30-Jun-2019,All values USD millions.,3.18B,1.55B,1.18B,1.62B,1.62B
266,FGP,30-Apr-2019,All values USD millions.,1.33B,2.38B,357.14M,(1.03B),(1.11B)
267,FIS,30-Jun-2019,All values USD millions.,32.86B,22.87B,18.2B,9.99B,9.99B
268,FISV,30-Jun-2019,All values USD millions.,19.64B,17.09B,7.8B,2.55B,2.55B
269,FITB,30-Jun-2019,All values USD millions.,168.8B,,4.5B,20.47B,20.67B
270,FIZZ,30-Apr-2019,All values USD millions.,456.16M,124.55M,14.76M,331.61M,331.61M
271,FLIR,30-Jun-2019,All values USD millions.,3.24B,1.33B,1.63B,1.91B,1.91B
272,FLS,30-Jun-2019,All values USD millions.,4.82B,3.07B,1.38B,1.73B,1.75B
273,FLT,30-Jun-2019,All values USD millions.,11.98B,8.13B,7.14B,3.84B,3.84B
274,FMC,30-Jun-2019,All values USD millions.,9.82B,7.03B,4.14B,2.76B,2.79B
275,FOX,30-Jun-2019,All values USD millions.,19.51B,9.36B,5.54B,9.95B,10.15B
276,FOXA,30-Jun-2019,All values USD millions.,19.51B,9.36B,5.54B,9.95B,10.15B
277,FRC,30-Jun-2019,All values USD millions.,105.7B,,267.49M,9.22B,9.22B
278,FRT,30-Jun-2019,All values USD millions.,6.38B,3.74B,-,2.41B,2.65B
279,FTI,30-Jun-2019,All values USD millions.,25.51B,15.09B,8.73B,10.33B,10.42B
280,FTNT,30-Jun-2019,All values USD millions.,3.37B,2.25B,54.4M,1.12B,1.12B
281,FTV,30-Jun-2019,All values USD millions.,16.47B,9.45B,11.56B,7.01B,7.02B
282,GD,30-Jun-2019,All values USD millions.,48.07B,35.2B,22.12B,12.88B,12.88B
283,GE,30-Jun-2019,All values USD millions.,312.11B,255.57B,68.93B,35.82B,56.54B
284,GEF,31-Jul-2019,All values USD millions.,5.55B,4.35B,2.36B,1.12B,1.21B
285,GFI,30-Jun-2019,All values ZAR millions.,91.88B,52.04B,-,38.02B,39.84B
286,GGAL,30-Jun-2019,All values ARS millions.,645.97B,,4.86B,73.32B,75.51B
287,GHL,30-Jun-2019,All values USD millions.,469.65M,446.82M,205.9M,22.83M,22.83M
288,GILD,30-Jun-2019,All values USD millions.,63.21B,40.46B,19.27B,22.62B,22.75B
289,GIS,31-May-2019,All values USD millions.,30.65B,22.73B,21.16B,7.05B,7.92B
290,GL,30-Jun-2019,All values USD millions.,24.86B,18.16B,441.59M,6.7B,6.7B
291,GLAD,30-Jun-2019,All values USD millions.,415.34M,169.16M,-,246.19M,246.19M
292,GLAPY,30-Jun-2019,All values EUR millions.,3.31B,1.69B,1.34B,1.62B,1.62B
293,GLP,30-Jun-2019,All values USD millions.,2.76B,2.28B,377.43M,487.12M,486.01M
294,GLW,30-Jun-2019,All values USD millions.,27.58B,14.05B,3.18B,13.43B,13.52B
295,GM,30-Jun-2019,All values USD millions.,233.74B,186.65B,5.46B,42.82B,47.09B
296,GOOG,30-Jun-2019,All values USD millions.,257.1B,64.91B,19.9B,192.19B,192.19B
297,GOOGL,30-Jun-2019,All values USD millions.,257.1B,64.91B,19.9B,192.19B,192.19B
298,GPC,30-Jun-2019,All values USD millions.,14.64B,10.95B,3.85B,3.67B,3.69B
299,GPN,30-Jun-2019,All values USD millions.,14.58B,10.41B,8.65B,3.99B,4.18B
300,GPS,31-Jul-2019,All values USD millions.,14.04B,10.42B,-,3.63B,3.63B
301,GRMN,30-Jun-2019,All values USD millions.,5.52B,1.37B,653.01M,4.15B,4.15B
302,GS,30-Jun-2019,All values USD millions.,944.9B,,4.11B,90.89B,92.49B
303,GSH,30-Jun-2019,All values HKD millions.,41.42B,8.15B,2.48B,33.2B,33.16B
304,GTX,30-Jun-2019,All values USD millions.,2.17B,4.59B,193M,(2.59B),(2.59B)
305,GWW,30-Jun-2019,All values USD millions.,5.99B,3.88B,866M,1.92B,2.11B
306,HAL,30-Jun-2019,All values USD millions.,26.88B,17.36B,2.83B,9.51B,9.52B
307,HAS,30-Jun-2019,All values USD millions.,5.04B,3.32B,1.16B,1.72B,1.72B
308,HBAN,30-Jun-2019,All values USD millions.,108.25B,,2.29B,11.67B,11.67B
309,HBI,30-Jun-2019,All values USD millions.,7.88B,6.74B,2.78B,1.13B,1.13B
310,HCA,30-Jun-2019,All values USD millions.,45.45B,47.22B,8.14B,(4.95B),(2.92B)
311,HCP,30-Jun-2019,All values USD millions.,13.71B,7.09B,317.96M,6.05B,6.62B
312,HD,31-Jul-2019,All values USD millions.,52.01B,53.17B,2.25B,(2.14B),(2.14B)
313,HE,30-Jun-2019,All values USD millions.,13.54B,11.29B,82.19M,2.24B,2.24B
314,HES,30-Jun-2019,All values USD millions.,21.7B,11.16B,360M,9.29B,10.53B
315,HFC,30-Jun-2019,All values USD millions.,12.1B,5.57B,2.38B,6.01B,6.53B
316,HI,30-Jun-2019,All values USD millions.,1.89B,1.09B,1.06B,781.2M,795.8M
317,HIG,30-Jun-2019,All values USD millions.,69.47B,54.18B,3.1B,15.29B,15.29B
318,HII,30-Jun-2019,All values USD millions.,7.23B,5.53B,1.92B,1.63B,1.63B
319,HLT,30-Jun-2019,All values USD millions.,15.14B,15.16B,11.25B,(30M),(23M)
320,HMSNF,30-Jun-2019,All values GBP millions.,8.55B,3.56B,-,4.99B,4.99B
321,HOG,30-Jun-2019,All values USD millions.,10.74B,8.83B,64.45M,1.91B,1.91B
322,HOLX,30-Jun-2019,All values USD millions.,6.52B,4.31B,4.35B,2.22B,2.22B
323,HON,30-Jun-2019,All values USD millions.,57.75B,39.68B,19.51B,17.87B,18.07B
324,HP,30-Jun-2019,All values USD millions.,5.9B,1.8B,137M,4.1B,4.1B
325,HPE,31-Jul-2019,All values USD millions.,50.76B,33.18B,18.21B,17.53B,17.58B
326,HPQ,31-Jul-2019,All values USD millions.,32.41B,33.54B,6.99B,(1.84B),(1.84B)
327,HRB,31-Jul-2019,All values USD millions.,3.11B,2.82B,1.24B,(213.59M),(213.59M)
328,HRL,31-Jul-2019,All values USD millions.,7.95B,2.06B,3.53B,5.89B,5.89B
329,HRZN,nan,nan,nan,nan,nan,nan,nan
330,HSBC,30-Jun-2019,All values GBP millions.,2.16T,,20.22B,133.82B,140.26B
331,HSIC,30-Jun-2019,All values USD millions.,7.11B,3.38B,3.06B,2.83B,3.73B
332,HSNGY,30-Jun-2019,All values HKD millions.,1.66T,,19.79B,160.98B,161.09B
333,HST,30-Jun-2019,All values USD millions.,12.53B,4.91B,-,7.47B,7.62B
334,HSY,30-Jun-2019,All values USD millions.,7.79B,6.11B,3.06B,1.68B,1.68B
335,HUM,30-Jun-2019,All values USD millions.,28.91B,17.04B,4.13B,11.87B,11.87B
336,IBM,30-Jun-2019,All values USD millions.,154.65B,136.88B,38.01B,17.65B,17.78B
337,ICE,30-Jun-2019,All values USD millions.,90.93B,73.71B,23.75B,17.12B,17.22B
338,IDA,30-Jun-2019,All values USD millions.,6.46B,4.05B,-,2.4B,2.41B
339,IDXX,30-Jun-2019,All values USD millions.,1.72B,1.55B,253.15M,(9.51M),(9.23M)
340,IEP,30-Jun-2019,All values USD millions.,24.35B,12.9B,742M,6.5B,11.45B
341,IEX,30-Jun-2019,All values USD millions.,3.64B,1.53B,2.06B,2.11B,2.11B
342,IFF,30-Jun-2019,All values USD millions.,13.35B,7.02B,8.45B,6.2B,6.33B
343,ILMN,30-Jun-2019,All values USD millions.,6.97B,2.64B,986M,4.33B,4.33B
344,IMO,30-Jun-2019,All values CAD millions.,41.93B,16.91B,186M,25.02B,25.02B
345,INCY,30-Jun-2019,All values USD millions.,2.95B,700.44M,360.19M,2.25B,2.25B
346,INFO,nan,nan,nan,nan,nan,nan,nan
347,INTC,30-Jun-2019,All values USD millions.,130.76B,55.81B,35.83B,74.95B,74.95B
348,INTU,31-Jul-2019,All values USD millions.,6.28B,2.53B,1.71B,3.75B,3.75B
349,INVA,30-Jun-2019,All values USD millions.,642.31M,395.61M,-,153.58M,159.05M
350,IP,30-Jun-2019,All values USD millions.,34.35B,26.85B,3.82B,7.48B,7.5B
351,IPG,30-Jun-2019,All values USD millions.,16.53B,13.88B,5.94B,2.42B,2.65B
352,IPGP,30-Jun-2019,All values USD millions.,2.74B,370.06M,200.77M,2.37B,2.37B
353,IQV,nan,nan,nan,nan,nan,nan,nan
354,IR,30-Jun-2019,All values USD millions.,20.67B,13.49B,11.09B,7.13B,7.17B
355,IRM,30-Jun-2019,All values USD millions.,13.72B,11.99B,5.97B,1.66B,1.73B
356,IRS,31-Mar-2019,All values ARS millions.,491.82B,392.34B,17.84B,45.3B,99.48B
357,ISEE,30-Jun-2019,All values USD millions.,113.61M,11.88M,-,101.73M,101.73M
358,ISRG,30-Jun-2019,All values USD millions.,8.53B,1.25B,244.9M,7.27B,7.28B
359,IT,30-Jun-2019,All values USD millions.,6.73B,5.77B,3.9B,963.8M,963.8M
360,ITW,30-Jun-2019,All values USD millions.,15.19B,12.09B,5.43B,3.09B,3.1B
361,IVZ,30-Jun-2019,All values USD millions.,38.5B,23.81B,15.77B,13.93B,14.7B
362,JBHT,30-Jun-2019,All values USD millions.,5.42B,3.29B,193.4M,2.14B,2.14B
363,JCI,nan,nan,nan,nan,nan,nan,nan
364,JCP,31-Jul-2019,All values USD millions.,8.26B,7.3B,-,963M,963M
365,JDWPY,31-Jan-2019,All values GBP millions.,1.5B,1.19B,23.31M,312.1M,312.1M
366,JEC,30-Jun-2019,All values USD millions.,11.64B,5.53B,6.06B,6.06B,6.11B
367,JEF,31-May-2019,All values USD millions.,48.52B,38.5B,1.88B,9.98B,10.02B
368,JFEEF,30-Jun-2019,All values JPY millions.,4.82T,2.83T,88.92B,1.91T,1.99T
369,JKHY,30-Jun-2019,All values USD millions.,2.22B,786.74M,1.12B,1.43B,1.43B
370,JNJ,30-Jun-2019,All values USD millions.,155.12B,94.33B,82.99B,60.79B,60.79B
371,JNPR,30-Jun-2019,All values USD millions.,8.9B,4.31B,3.54B,4.59B,4.59B
372,JPM,30-Jun-2019,All values USD millions.,2.73T,,48.21B,263.22B,263.22B
373,JWN,31-Jul-2019,All values USD millions.,9.94B,9.18B,249M,759M,759M
374,K,30-Jun-2019,All values USD millions.,18.67B,15.46B,8.46B,2.65B,3.21B
375,KB,30-Jun-2019,All values KRW millions.,499.59T,,2.71T,36.79T,36.8T
376,KEY,30-Jun-2019,All values USD millions.,144.55B,,2.96B,16.97B,16.97B
377,KEYS,31-Jul-2019,All values USD millions.,6.35B,3.41B,1.76B,2.94B,2.94B
378,KGFHY,31-Jan-2019,All values GBP millions.,10B,3.34B,2.81B,6.66B,6.66B
379,KHC,30-Jun-2019,All values USD millions.,103.2B,51.52B,84.93B,51.54B,51.68B
380,KIM,30-Jun-2019,All values USD millions.,11.04B,5.65B,-,5.29B,5.39B
381,KKPNF,30-Jun-2019,All values EUR millions.,11.95B,10.27B,3.84B,1.67B,1.67B
382,KLAC,30-Jun-2019,All values USD millions.,9.01B,6.33B,3.77B,2.66B,2.68B
383,KMB,30-Jun-2019,All values USD millions.,15.35B,15.26B,1.48B,(223M),(18M)
384,KMI,30-Jun-2019,All values USD millions.,76.7B,41.44B,24.75B,33.64B,35.26B
385,KMX,31-May-2019,All values USD millions.,19.71B,16.26B,-,3.45B,3.45B
386,KO,30-Jun-2019,All values USD millions.,90B,69.7B,26.92B,18.18B,20.3B
387,KR,31-May-2019,All values USD millions.,44.32B,35.79B,4.21B,8.58B,8.53B
388,KSS,31-Jul-2019,All values USD millions.,14.54B,9.09B,-,5.46B,5.46B
389,KSU,30-Jun-2019,All values USD millions.,9.64B,4.49B,-,4.83B,5.15B
390,KUBTY,30-Jun-2019,All values JPY millions.,3.03T,1.57T,53.4B,1.38T,1.47T
391,KYOCY,30-Jun-2019,All values JPY millions.,3.1T,674.59B,319.62B,2.33T,2.43T
392,L,30-Jun-2019,All values USD millions.,82.28B,59.88B,768M,19.51B,22.39B
393,LB,31-Jul-2019,All values USD millions.,-,-,-,(869M),(865M)
394,LDOS,30-Jun-2019,All values USD millions.,9.33B,5.97B,5.43B,3.36B,3.36B
395,LEG,30-Jun-2019,All values USD millions.,5B,3.76B,2.19B,1.24B,1.24B
396,LEN,31-May-2019,All values USD millions.,29.58B,14.34B,3.66B,15.16B,15.25B
397,LGRVF,30-Jun-2019,All values EUR millions.,11.27B,6.61B,6.97B,4.65B,4.66B
398,LH,30-Jun-2019,All values USD millions.,17.74B,10.58B,11.86B,7.14B,7.16B
399,LHX,nan,nan,nan,nan,nan,nan,nan
400,LIN,30-Jun-2018,All values EUR millions.,32.51B,17.84B,12.97B,13.8B,14.67B
401,LKQ,30-Jun-2019,All values USD millions.,12.7B,7.79B,5.29B,4.84B,4.91B
402,LLY,30-Jun-2019,All values USD millions.,38.67B,35.81B,10.41B,2.78B,2.86B
403,LMT,30-Jun-2019,All values USD millions.,47.84B,44.94B,14.13B,2.85B,2.9B
404,LN,30-Jun-2019,All values JPY millions.,541.62B,349.08B,25.78B,171.71B,192.54B
405,LNC,30-Jun-2019,All values USD millions.,322.26B,303.8B,1.78B,18.46B,18.46B
406,LNT,30-Jun-2019,All values USD millions.,16.12B,11.22B,-,4.9B,4.9B
407,LOW,31-Jul-2019,All values USD millions.,40.7B,38.06B,303M,2.64B,2.64B
408,LPL,30-Jun-2019,All values KRW millions.,35.6T,20.87T,931.4B,13.52T,14.73T
409,LRCX,30-Jun-2019,All values USD millions.,12B,7.33B,1.7B,4.67B,4.67B
410,LSGOF,31-Mar-2019,All values GBP millions.,14.03B,4.11B,20M,9.92B,9.92B
411,LTRPA,30-Jun-2019,All values USD millions.,5.63B,1.82B,3.99B,321M,3.82B
412,LUV,30-Jun-2019,All values USD millions.,26.37B,16.43B,1.28B,9.94B,9.94B
413,LW,31-May-2019,All values USD millions.,3.05B,3.05B,243.5M,(167.1M),(167.1M)
414,LYB,30-Jun-2019,All values USD millions.,31.17B,20.31B,2.74B,10.72B,10.86B
415,M,31-Jul-2019,All values USD millions.,20.74B,14.43B,4.35B,6.32B,6.32B
416,MA,30-Jun-2019,All values USD millions.,24.73B,19.62B,4.76B,5.01B,5.11B
417,MAA,30-Jun-2019,All values USD millions.,11.27B,5B,-,6.05B,6.27B
418,MAC,30-Jun-2019,All values USD millions.,8.94B,5.97B,67.8M,2.76B,2.97B
419,MAR,30-Jun-2019,All values USD millions.,24.89B,23.65B,17.68B,1.24B,1.24B
420,MAS,30-Jun-2019,All values USD millions.,5.65B,5.58B,1.28B,(111M),71M
421,MAXR,30-Sep-2018,All values CAD millions.,8B,5.79B,4.89B,2.21B,2.21B
422,MBNKF,30-Jun-2019,All values GBP millions.,21.36B,,217M,1.77B,1.77B
423,MCD,30-Jun-2019,All values USD millions.,46.2B,53.01B,2.58B,(6.26B),(6.26B)
424,MCHP,30-Jun-2019,All values USD millions.,18.25B,12.96B,13.09B,5.29B,5.29B
425,MCK,30-Jun-2019,All values USD millions.,61.68B,52.21B,13.04B,7.87B,9.47B
426,MCO,30-Jun-2019,All values USD millions.,9.59B,9.02B,5.15B,352.8M,574.7M
427,MCY,30-Jun-2019,All values USD millions.,5.72B,3.95B,55.97M,1.77B,1.77B
428,MDLZ,30-Jun-2019,All values USD millions.,63.57B,37.4B,38.64B,26.09B,26.17B
429,MDOMF,30-Jun-2019,All values JPY millions.,96.22B,21.26B,8.87B,68.92B,74.96B
430,MDT,31-Jul-2019,All values USD millions.,91.27B,40.77B,60.32B,50.36B,50.5B
431,MET,30-Jun-2019,All values USD millions.,732.17B,668.12B,9.41B,63.81B,64.05B
432,MGI,30-Jun-2019,All values USD millions.,4.38B,4.62B,442.2M,(268.8M),(268.8M)
433,MGM,30-Jun-2019,All values USD millions.,30.81B,19.76B,6B,6.52B,11.06B
434,MHK,30-Jun-2019,All values USD millions.,13.81B,5.98B,3.52B,7.82B,7.82B
435,MHVYF,30-Jun-2019,All values JPY millions.,5.22T,3.52T,248.17B,1.38T,1.7T
436,MKC,31-May-2019,All values USD millions.,10.24B,6.85B,7.37B,3.37B,3.38B
437,MKTX,30-Jun-2019,All values USD millions.,812.01M,150.1M,62.48M,661.91M,661.91M
438,MLM,30-Jun-2019,All values USD millions.,10.16B,5.07B,2.89B,5.09B,5.1B
439,MMC,30-Jun-2019,All values USD millions.,32.12B,23.78B,17.56B,8.07B,8.34B
440,MMM,30-Jun-2019,All values USD millions.,38.97B,28.83B,13.54B,10.08B,10.14B
441,MN,30-Jun-2019,All values USD millions.,220.56M,71.83M,4.83M,160.05M,148.73M
442,MNST,30-Jun-2019,All values USD millions.,5.08B,1.03B,2.38B,4.06B,4.06B
443,MO,30-Jun-2019,All values USD millions.,57.5B,43B,17.53B,14.46B,14.5B
444,MOS,30-Jun-2019,All values USD millions.,20.64B,9.96B,1.75B,10.47B,10.68B
445,MPC,30-Jun-2019,All values USD millions.,96.9B,52.83B,20.28B,34.21B,44.07B
446,MRK,30-Jun-2019,All values USD millions.,83.97B,56.23B,32.87B,27.64B,27.74B
447,MRO,30-Jun-2019,All values USD millions.,21.28B,9.18B,95M,12.1B,12.1B
448,MS,30-Jun-2019,All values USD millions.,891.96B,,9.43B,81.72B,82.85B
449,MSC,30-Jun-2019,All values USD millions.,2.99B,1.89B,120.17M,847.99M,1.1B
450,MSCI,30-Jun-2019,All values USD millions.,3.43B,3.66B,1.81B,(316.51M),(316.51M)
451,MSFT,30-Jun-2019,All values USD millions.,286.56B,184.23B,49.78B,102.33B,102.33B
452,MSI,30-Jun-2019,All values USD millions.,9.97B,10.93B,3.18B,(1.29B),(1.28B)
453,MTB,30-Jun-2019,All values USD millions.,121.55B,,4.63B,15.69B,15.69B
454,MTD,30-Jun-2019,All values USD millions.,2.66B,2.16B,745.77M,504.09M,504.09M
455,MTL,30-Jun-2019,All values RUB millions.,326.79B,549.69B,48.41B,(243.04B),(233.2B)
456,MU,31-May-2019,All values USD millions.,46.29B,9.38B,1.57B,35.32B,36.29B
457,MURGY,30-Jun-2019,All values EUR millions.,278B,248.46B,4.12B,29.41B,29.54B
458,MXIM,30-Jun-2019,All values USD millions.,3.74B,1.9B,588.49M,1.85B,1.85B
459,MYL,30-Jun-2019,All values USD millions.,31.82B,19.91B,22.42B,11.9B,11.9B
460,NBL,30-Jun-2019,All values USD millions.,21.65B,11.45B,404M,9.03B,10.2B
461,NCLH,30-Jun-2019,All values USD millions.,15.97B,9.82B,2.23B,6.15B,6.15B
462,NDAQ,30-Jun-2019,All values USD millions.,14.13B,8.58B,8.69B,5.55B,5.55B
463,NEE,30-Jun-2019,All values USD millions.,110.55B,72.06B,3.5B,34.91B,38.49B
464,NEM,30-Jun-2019,All values USD millions.,36.99B,16.61B,2.23B,19.35B,20.37B
465,NEU,30-Jun-2019,All values USD millions.,1.77B,1.18B,133.95M,589.18M,589.18M
466,NFLX,30-Jun-2019,All values USD millions.,30.17B,24.07B,21.95B,6.11B,6.11B
467,NI,30-Jun-2019,All values USD millions.,21.97B,16B,1.91B,5.98B,5.98B
468,NILSY,30-Jun-2019,All values RUB millions.,1.2T,885.42B,11.67B,284.83B,309.96B
469,NINOY,30-Jun-2019,All values JPY millions.,1.11T,511.88B,56.97B,595.92B,596.7B
470,NKE,31-May-2019,All values USD millions.,23.72B,14.68B,437M,9.04B,9.04B
471,NKTR,30-Jun-2019,All values USD millions.,2.1B,542.5M,76.5M,1.56B,1.56B
472,NLNK,30-Jun-2019,All values USD millions.,120.81M,22.12M,-,98.69M,98.69M
473,NLSN,30-Jun-2019,All values USD millions.,15.59B,12.6B,12B,2.79B,2.99B
474,NM,31-Mar-2019,All values USD millions.,2.99B,2.48B,292.14M,237.43M,508.86M
475,NOC,30-Jun-2019,All values USD millions.,39.58B,30.37B,19.91B,9.21B,9.21B
476,NOV,30-Jun-2019,All values USD millions.,14.35B,5.86B,4.11B,8.41B,8.49B
477,NPCPF,30-Jun-2019,All values JPY millions.,991.03B,364.92B,291.01B,502.5B,626.11B
478,NRG,30-Jun-2019,All values USD millions.,9.17B,10.8B,1.13B,(1.23B),(1.22B)
479,NSC,30-Jun-2019,All values USD millions.,37.17B,21.86B,-,15.31B,15.31B
480,NTAP,31-Jul-2019,All values USD millions.,7.81B,6.95B,1.83B,863M,863M
481,NTRS,30-Jun-2019,All values USD millions.,126.55B,,812M,10.81B,10.81B
482,NUE,30-Jun-2019,All values USD millions.,18.13B,7.43B,2.97B,10.3B,10.7B
483,NVDA,31-Jul-2019,All values USD millions.,14.78B,4.44B,667M,10.34B,10.34B
484,NWBI,30-Jun-2019,All values USD millions.,10.51B,,368.83M,1.33B,1.33B
485,NWE,30-Jun-2019,All values USD millions.,5.72B,3.71B,357.99M,2.01B,2.01B
486,NWL,30-Jun-2019,All values USD millions.,17.67B,12.66B,8.46B,4.97B,5B
487,NWS,30-Jun-2019,All values USD millions.,15.71B,5.4B,7.57B,9.14B,10.31B
488,NWSA,30-Jun-2019,All values USD millions.,15.71B,5.4B,7.57B,9.14B,10.31B
489,O,30-Jun-2019,All values USD millions.,16.75B,7.89B,1.32B,8.84B,8.86B
490,OBE,30-Jun-2019,All values CAD millions.,2.49B,829M,-,1.66B,1.66B
491,ODP,30-Jun-2019,All values USD millions.,7.35B,5.27B,1.35B,2.08B,2.08B
492,OGE,30-Jun-2019,All values USD millions.,10.89B,6.88B,-,4.01B,4.01B
493,OGS,30-Jun-2019,All values USD millions.,5.45B,3.34B,157.95M,2.11B,2.11B
494,OKE,30-Jun-2019,All values USD millions.,19.75B,13.4B,963.78M,6.35B,6.35B
495,OMC,30-Jun-2019,All values USD millions.,25.04B,21.83B,9.72B,2.41B,3.22B
496,OMI,30-Jun-2019,All values USD millions.,3.9B,3.4B,718.68M,496.9M,496.9M
497,ORCL,31-May-2019,All values USD millions.,108.71B,86.35B,49.06B,21.79B,22.36B
498,ORLY,30-Jun-2019,All values USD millions.,10.2B,10.06B,808.39M,144.68M,144.68M
499,OTTR,30-Jun-2019,All values USD millions.,2.11B,1.37B,49.43M,744.31M,744.31M
500,OXY,30-Jun-2019,All values USD millions.,44.77B,23.42B,-,21.35B,21.35B
501,PAHC,30-Jun-2019,All values USD millions.,726.67M,510.66M,74.83M,216.02M,216.02M
502,PAYX,31-May-2019,All values USD millions.,8.76B,6.14B,2.18B,2.62B,2.62B
503,PBCT,30-Jun-2019,All values USD millions.,51.62B,,3.07B,7.05B,7.05B
504,PCAR,30-Jun-2019,All values USD millions.,27.17B,17.53B,-,9.64B,9.64B
505,PEG,30-Jun-2019,All values USD millions.,46.28B,31.53B,178M,14.75B,14.75B
506,PEP,30-Jun-2019,All values USD millions.,75.08B,61.05B,31.21B,13.95B,14.04B
507,PETS,30-Jun-2019,All values USD millions.,144.84M,21.19M,"860,000",123.64M,123.64M
508,PFE,30-Jun-2019,All values USD millions.,156.2B,96.27B,86.38B,59.57B,59.93B
509,PFG,30-Jun-2019,All values USD millions.,267.92B,253.51B,2.41B,14.03B,14.41B
510,PG,30-Jun-2019,All values USD millions.,115.1B,67.52B,64.49B,47.19B,47.58B
511,PGR,30-Jun-2019,All values USD millions.,51.32B,37.77B,711.4M,13.33B,13.55B
512,PH,30-Jun-2019,All values USD millions.,17.58B,11.61B,7.24B,5.96B,5.97B
513,PHI,30-Jun-2019,All values PHP millions.,503.49B,384.92B,68.19B,114.37B,118.57B
514,PHM,30-Jun-2019,All values USD millions.,10.1B,5.03B,132.19M,5.07B,5.07B
515,PIR,31-May-2019,All values USD millions.,1.24B,1.23B,-,9.22M,9.22M
516,PKG,30-Jun-2019,All values USD millions.,7.07B,4.15B,1.28B,2.92B,2.92B
517,PKI,30-Jun-2019,All values USD millions.,6.4B,3.69B,4.32B,2.71B,2.71B
518,PLD,30-Jun-2019,All values USD millions.,38.71B,12.93B,-,22.33B,25.78B
519,PM,30-Jun-2019,All values USD millions.,39.92B,49.33B,7.96B,(12.46B),(10.74B)
520,PMTS,30-Jun-2019,All values USD millions.,210.29M,359.76M,80.26M,(149.58M),(149.58M)
521,PNC,30-Jun-2019,All values USD millions.,405.76B,,9.22B,49.34B,49.38B
522,PNM,30-Jun-2019,All values USD millions.,7.05B,5.36B,278.3M,1.62B,1.69B
523,PNR,30-Jun-2019,All values USD millions.,4.17B,2.36B,2.64B,1.81B,1.81B
524,PNW,30-Jun-2019,All values USD millions.,18.17B,12.81B,261.58M,5.23B,5.36B
525,POR,30-Jun-2019,All values USD millions.,8B,5.46B,-,2.54B,2.54B
526,PPG,30-Jun-2019,All values USD millions.,17.96B,12.77B,6.39B,5.08B,5.19B
527,PPL,30-Jun-2019,All values USD millions.,44.2B,32.22B,3.85B,11.98B,11.98B
528,PRGO,30-Jun-2019,All values USD millions.,11.43B,5.7B,6.64B,5.73B,5.73B
529,PRU,30-Jun-2019,All values USD millions.,873.83B,811.67B,-,61.66B,62.15B
530,PSA,30-Jun-2019,All values USD millions.,11.11B,2.32B,210.18M,8.77B,8.79B
531,PSEC,30-Jun-2019,All values USD millions.,5.8B,2.49B,-,3.31B,3.31B
532,PSX,30-Jun-2019,All values USD millions.,57.78B,30.48B,4.14B,24.75B,27.31B
533,PTR,31-Mar-2019,All values HKD millions.,3.08T,1.41T,139.73B,1.43T,1.67T
534,PUBGY,30-Jun-2019,All values EUR millions.,28.57B,21.89B,9.96B,6.69B,6.68B
535,PVH,31-Jul-2019,All values USD millions.,13.82B,7.95B,7.46B,5.87B,5.87B
536,PWR,30-Jun-2019,All values USD millions.,8.02B,4.25B,2.2B,3.77B,3.78B
537,PXD,30-Jun-2019,All values USD millions.,18.11B,6.23B,262M,11.88B,11.88B
538,PYPL,30-Jun-2019,All values USD millions.,48.39B,32.25B,6.94B,16.14B,16.14B
539,QCOM,30-Jun-2019,All values USD millions.,34.13B,28.67B,8.66B,5.46B,5.46B
540,QIWI,30-Jun-2019,All values USD millions.,1.14B,702.2M,167.15M,438.53M,439.14M
541,QRVO,30-Jun-2019,All values USD millions.,5.93B,1.59B,2.81B,4.34B,4.34B
542,RAD,31-May-2019,All values USD millions.,10.53B,9.49B,1.51B,1.04B,1.04B
543,RANJY,30-Jun-2019,All values EUR millions.,10.75B,6.59B,3.35B,4.15B,4.15B
544,RBGLY,30-Jun-2019,All values GBP millions.,38.58B,24.11B,30.58B,14.43B,14.48B
545,RCI,30-Jun-2019,All values CAD millions.,35.53B,26.72B,12.82B,8.81B,8.81B
546,RCL,30-Jun-2019,All values USD millions.,29.81B,17.71B,1.37B,11.54B,12.1B
547,RDCM,30-Jun-2019,All values USD millions.,96.33M,20.97M,-,75.36M,75.36M
548,RDY,30-Jun-2019,All values INR millions.,227.09B,80.88B,47.82B,146.21B,146.21B
549,RE,30-Jun-2019,All values USD millions.,26.39B,17.5B,-,8.88B,8.88B
550,RECN,31-May-2019,All values USD millions.,428.37M,145.97M,205.4M,282.4M,282.4M
551,REG,30-Jun-2019,All values USD millions.,10.95B,4.59B,575.73M,6.3B,6.35B
552,REGN,30-Jun-2019,All values USD millions.,13.17B,3.42B,-,9.76B,9.76B
553,RF,30-Jun-2019,All values USD millions.,127.52B,,4.93B,16.61B,16.61B
554,RHI,30-Jun-2019,All values USD millions.,2.24B,1.13B,212.7M,1.11B,1.11B
555,RIBT,30-Jun-2019,All values USD millions.,40.65M,9.45M,4.86M,31.2M,31.2M
556,RJF,30-Jun-2019,All values USD millions.,38.68B,32.11B,635M,6.5B,6.56B
557,RL,30-Jun-2019,All values USD millions.,7.34B,4.33B,1.08B,3.01B,3.01B
558,RLGY,30-Jun-2019,All values USD millions.,7.95B,5.7B,5.89B,2.25B,2.25B
559,RMD,30-Jun-2019,All values USD millions.,4.11B,2.04B,2.38B,2.07B,2.07B
560,RNDB,30-Jun-2019,All values USD millions.,652.57M,,-,79.35M,79.35M
561,RNSHF,30-Jun-2019,All values GBP millions.,775.83M,192.55M,59.06M,583.85M,583.28M
562,ROK,30-Jun-2019,All values USD millions.,6.16B,5B,1.28B,1.16B,1.16B
563,ROL,30-Jun-2019,All values USD millions.,1.73B,977.51M,960.6M,752.26M,752.26M
564,ROP,30-Jun-2019,All values USD millions.,15.91B,7.56B,13.6B,8.35B,8.35B
565,ROST,31-Jul-2019,All values USD millions.,9.15B,5.86B,-,3.3B,3.3B
566,RSG,30-Jun-2019,All values USD millions.,22B,14.04B,11.62B,7.95B,7.96B
567,RTN,30-Jun-2019,All values USD millions.,32.19B,19.55B,14.88B,12.2B,12.64B
568,RY,31-Jul-2019,All values CAD millions.,1.41T,,15.85B,82.28B,82.38B
569,RYB,30-Jun-2019,All values USD millions.,341.73M,224.36M,71.03M,99.31M,117.38M
570,RYCEY,30-Jun-2019,All values GBP millions.,32.42B,35.02B,5.44B,(1.07B),(1.05B)
571,SAGKF,30-Apr-2019,All values GBP millions.,1.3B,1.17B,60.9M,128.4M,128.4M
572,SAPMF,30-Jun-2019,All values EUR millions.,12.32B,8.29B,699M,3.99B,4.03B
573,SBAC,nan,nan,nan,nan,nan,nan,nan
574,SBH,30-Jun-2019,All values USD millions.,2.07B,2.14B,599.41M,(214.73M),(214.73M)
575,SBS,30-Jun-2019,All values BRL millions.,43.98B,23.39B,30.15B,20.59B,20.59B
576,SBUX,30-Jun-2019,All values USD millions.,20.89B,25.21B,4.42B,(5.04B),(5.04B)
577,SCBFF,30-Jun-2019,All values GBP millions.,559.84B,,4.02B,35.41B,35.73B
578,SCGLY,30-Jun-2019,All values EUR millions.,1.39T,1.33T,4.65B,52.89B,57.62B
579,SCHN,31-May-2019,All values USD millions.,1.09B,398.92M,172.97M,689.03M,693.7M
580,SCHW,30-Jun-2019,All values USD millions.,276.32B,255B,1.23B,21.32B,21.32B
581,SCMWY,30-Jun-2019,All values CHF millions.,24.2B,16.31B,7.07B,7.89B,7.89B
582,SEE,30-Jun-2019,All values USD millions.,5.22B,5.56B,2.06B,(348.6M),(348.6M)
583,SFUN,31-Mar-2019,All values USD millions.,1.87B,1.25B,-,626.72M,627.41M
584,SHI,30-Jun-2019,All values HKD millions.,50.03B,16.98B,394.39M,32.76B,32.9B
585,SHLO,30-Apr-2019,All values USD millions.,683.19M,488.04M,41.39M,195.15M,195.15M
586,SHW,30-Jun-2019,All values USD millions.,21.19B,17.44B,12.01B,3.75B,3.75B
587,SID,30-Jun-2019,All values BRL millions.,51.72B,39.36B,7.22B,11.04B,12.37B
588,SIVB,30-Jun-2019,All values USD millions.,63.77B,,192.98M,5.55B,5.71B
589,SJM,31-Jul-2019,All values USD millions.,16.79B,8.78B,12.97B,8.01B,8.01B
590,SJR,31-May-2019,All values CAD millions.,15.47B,9.23B,8.23B,6.23B,6.24B
591,SKFRY,30-Jun-2019,All values SEK millions.,94.84B,59.18B,18.38B,33.83B,35.66B
592,SLB,30-Jun-2019,All values USD millions.,70.59B,34.32B,34.01B,35.85B,36.27B
593,SLG,30-Jun-2019,All values USD millions.,13.63B,7.06B,35.51M,6.1B,6.57B
594,SMGZY,31-Jan-2019,All values GBP millions.,4.82B,2.65B,2.03B,2.15B,2.17B
595,SNA,30-Jun-2019,All values USD millions.,5.55B,2.24B,1.13B,3.29B,3.31B
596,SNH,30-Jun-2019,All values USD millions.,7.1B,4.06B,383.69M,2.89B,3.04B
597,SNPS,31-Jul-2019,All values USD millions.,6.15B,2.21B,3.43B,3.93B,3.94B
598,SNPTF,30-Jun-2019,All values HKD millions.,28.99B,17.44B,543.7M,11.37B,11.55B
599,SO,30-Jun-2019,All values USD millions.,114.87B,83.45B,5.83B,27.19B,31.42B
600,SOCLF,31-Dec-2018,All values GBP millions.,642.27M,249.06M,-,393.22M,393.22M
601,SOGO,30-Jun-2019,All values USD millions.,1.53B,501.06M,6.99M,1.03B,1.03B
602,SPG,30-Jun-2019,All values USD millions.,30.73B,27.14B,-,2.92B,3.59B
603,SPGI,30-Jun-2019,All values USD millions.,10.19B,7.73B,4.97B,512M,2.46B
604,SPKKY,30-Jun-2019,All values NZD millions.,4.1B,2.63B,987M,1.47B,1.47B
605,SRE,30-Jun-2019,All values USD millions.,62.73B,43.29B,1.82B,17.46B,19.43B
606,SRLP,30-Jun-2019,All values USD millions.,945.7M,822.23M,169.74M,123.47M,123.47M
607,SSTK,30-Jun-2019,All values USD millions.,592.95M,289.03M,114.96M,303.92M,303.92M
608,SSYS,30-Jun-2019,All values USD millions.,1.4B,240.34M,481.8M,1.16B,1.16B
609,STI,30-Jun-2019,All values USD millions.,222.29B,,6.34B,25.86B,25.86B
610,STT,30-Jun-2019,All values USD millions.,241.54B,,9.72B,25.45B,25.45B
611,STX,30-Jun-2019,All values USD millions.,8.89B,6.72B,1.35B,2.16B,2.16B
612,STZ,31-May-2019,All values USD millions.,28.95B,16.46B,10.6B,12.17B,12.49B
613,SU,30-Jun-2019,All values CAD millions.,93.6B,48.09B,3.06B,45.51B,45.51B
614,SVCBY,30-Jun-2019,All values SEK millions.,63.52B,24.2B,207M,39.31B,39.32B
615,SWK,30-Jun-2019,All values USD millions.,21.52B,13.29B,12.95B,8.23B,8.23B
616,SWKS,30-Jun-2019,All values USD millions.,4.84B,742.4M,1.3B,4.1B,4.1B
617,SYF,30-Jun-2019,All values USD millions.,106.39B,91.65B,2.29B,14.73B,14.73B
618,SYK,30-Jun-2019,All values USD millions.,26.35B,14.41B,12.95B,11.94B,11.94B
619,SYMC,30-Jun-2019,All values USD millions.,15.37B,10.12B,10.59B,5.25B,5.25B
620,SYY,30-Jun-2019,All values USD millions.,17.97B,15.43B,4.75B,2.5B,2.54B
621,T,30-Jun-2019,All values USD millions.,546.91B,352.83B,307.42B,184.26B,194.08B
622,TAP,30-Jun-2019,All values USD millions.,30.06B,15.92B,22.06B,13.9B,14.15B
623,TBAKF,31-Jan-2019,All values GBP millions.,504.59M,259.87M,43.67M,244.72M,244.72M
624,TBNK,30-Jun-2019,All values USD millions.,2.09B,,-,241.77M,241.77M
625,TCS,30-Jun-2019,All values USD millions.,1.12B,860.31M,428M,261.21M,261.21M
626,TD,31-Jul-2019,All values CAD millions.,1.41T,,19.57B,86.38B,86.38B
627,TDG,30-Jun-2019,All values USD millions.,17.7B,19.01B,11.42B,(1.67B),(1.67B)
628,TECD,31-Jul-2019,All values USD millions.,12.06B,9.17B,1.78B,2.89B,2.89B
629,TEDU,31-Dec-2018,All values USD millions.,295.86M,159.53M,9.49M,136.47M,136.33M
630,TEL,30-Jun-2019,All values USD millions.,19.75B,9.13B,7.46B,10.62B,10.62B
631,TFX,30-Jun-2019,All values USD millions.,6.31B,3.65B,4.49B,2.66B,2.66B
632,TGH,30-Jun-2019,All values USD millions.,5.17B,3.92B,6.29M,1.23B,1.25B
633,TGS,30-Jun-2019,All values ARS millions.,70.95B,34.66B,-,36.29B,36.29B
634,TGT,31-Jul-2019,All values USD millions.,41.57B,29.73B,-,11.84B,11.84B
635,TIF,31-Jul-2019,All values USD millions.,6.32B,3.12B,-,3.18B,3.19B
636,TINLY,30-Jun-2019,All values JPY millions.,1T,585.99B,65.26B,401.24B,416.6B
637,TJX,31-Jul-2019,All values USD millions.,22.85B,17.55B,95.94M,5.3B,5.3B
638,TLRY,30-Jun-2019,All values USD millions.,1.02B,663.96M,486.94M,360.17M,360.17M
639,TMNSF,31-Mar-2019,All values CHF millions.,1.49B,1.16B,994.04M,331.29M,331.29M
640,TMO,30-Jun-2019,All values USD millions.,57.97B,29.24B,40.62B,28.73B,28.73B
641,TMUS,30-Jun-2019,All values USD millions.,84.79B,57.82B,38.49B,26.97B,26.97B
642,TOO,30-Jun-2019,All values USD millions.,5.18B,3.77B,129.15M,1.38B,1.41B
643,TOT,30-Jun-2019,All values EUR millions.,234.9B,130.2B,25.67B,102.62B,104.69B
644,TPR,30-Jun-2019,All values USD millions.,6.88B,3.36B,3.23B,3.51B,3.51B
645,TRIP,30-Jun-2019,All values USD millions.,2.57B,991M,856M,1.58B,1.58B
646,TRMK,30-Jun-2019,All values USD millions.,13.55B,,388.73M,1.62B,1.62B
647,TROW,30-Jun-2019,All values USD millions.,8.91B,1.32B,665.7M,6.58B,7.59B
648,TRV,30-Jun-2019,All values USD millions.,108.57B,83.25B,4.28B,25.32B,25.32B
649,TSCO,30-Jun-2019,All values USD millions.,5.31B,3.77B,124.49M,1.54B,1.54B
650,TSLA,30-Jun-2019,All values USD millions.,31.87B,24.72B,480.83M,5.72B,7.15B
651,TSN,30-Jun-2019,All values USD millions.,33.67B,19.52B,18.15B,13.93B,14.14B
652,TSS,30-Jun-2019,All values USD millions.,7.71B,5.21B,5.34B,2.49B,2.49B
653,TTWO,30-Jun-2019,All values USD millions.,4.37B,2.28B,1.09B,2.09B,2.09B
654,TU,30-Jun-2019,All values CAD millions.,35.75B,25.16B,16.85B,10.5B,10.6B
655,TUP,30-Jun-2019,All values USD millions.,1.43B,1.59B,128.2M,(235.2M),(235.2M)
656,TVFCF,30-Jun-2019,All values EUR millions.,3.37B,1.79B,1.14B,1.58B,1.58B
657,TWTR,30-Jun-2019,All values USD millions.,12.52B,4.18B,1.3B,8.34B,8.34B
658,TXN,30-Jun-2019,All values USD millions.,17.38B,8.9B,4.92B,8.49B,8.49B
659,TXT,30-Jun-2019,All values USD millions.,14.8B,9.46B,2.15B,5.34B,5.34B
660,UA,30-Jun-2019,All values USD millions.,4.68B,2.63B,588.29M,2.05B,2.05B
661,UAA,30-Jun-2019,All values USD millions.,4.68B,2.63B,588.29M,2.05B,2.05B
662,UAL,30-Jun-2019,All values USD millions.,52.15B,41.83B,7.65B,10.32B,10.32B
663,UDR,30-Jun-2019,All values USD millions.,8.2B,4.23B,-,2.95B,3.97B
664,UHS,30-Jun-2019,All values USD millions.,11.75B,6.28B,3.84B,5.39B,5.47B
665,ULTA,31-Jul-2019,All values USD millions.,4.71B,2.87B,14.72M,1.84B,1.84B
666,UNH,30-Jun-2019,All values USD millions.,167.2B,109.14B,72B,53.1B,58.06B
667,UNIT,30-Jun-2019,All values USD millions.,4.79B,6.19B,1.06B,(1.5B),(1.41B)
668,UNM,30-Jun-2019,All values USD millions.,65.84B,56.39B,350.1M,9.45B,9.45B
669,UNP,30-Jun-2019,All values USD millions.,61.71B,43.54B,-,18.17B,18.17B
670,UPS,30-Jun-2019,All values USD millions.,52.79B,48.36B,5.93B,4.41B,4.42B
671,URI,30-Jun-2019,All values USD millions.,19.05B,15.57B,6.15B,3.48B,3.48B
672,USB,30-Jun-2019,All values USD millions.,481.72B,,12.71B,52.91B,53.54B
673,UTI,30-Jun-2019,All values USD millions.,248.37M,137.64M,8.22M,110.73M,110.73M
674,UTL,30-Jun-2019,All values USD millions.,1.28B,906.3M,-,373M,373M
675,UTX,30-Jun-2019,All values USD millions.,138.99B,95.9B,74.32B,40.75B,43.09B
676,V,30-Jun-2019,All values USD millions.,70.25B,35.25B,42.59B,35B,35B
677,VAR,30-Jun-2019,All values USD millions.,3.97B,2.21B,840M,1.74B,1.76B
678,VEDL,30-Jun-2019,All values INR millions.,-,-,-,-,-
679,VFC,30-Jun-2019,All values USD millions.,10.4B,6.25B,3.53B,4.15B,4.15B
680,VIAB,30-Jun-2019,All values USD millions.,23.65B,14.92B,12.21B,8.44B,8.73B
681,VIOT,30-Jun-2019,All values USD millions.,335.81M,164.01M,"381,899",170.83M,171.8M
682,VIVO,30-Jun-2019,All values USD millions.,322.44M,133.88M,152.11M,188.55M,188.55M
683,VLEEY,30-Jun-2019,All values EUR millions.,19.46B,14.1B,5.14B,4.48B,5.26B
684,VLO,30-Jun-2019,All values USD millions.,52.02B,30.19B,-,21.35B,21.84B
685,VMC,30-Jun-2019,All values USD millions.,10.48B,5.11B,4.24B,5.37B,5.37B
686,VNO,30-Jun-2019,All values USD millions.,17.91B,9.56B,32.48M,6.86B,8.36B
687,VRSK,30-Jun-2019,All values USD millions.,6.23B,4.02B,4.59B,2.21B,2.21B
688,VRSN,30-Jun-2019,All values USD millions.,1.89B,3.32B,52.53M,(1.39B),(1.39B)
689,VRTX,30-Jun-2019,All values USD millions.,7.03B,1.96B,50.38M,5.07B,5.07B
690,VSI,30-Jun-2019,All values USD millions.,816.33M,630.46M,2.22M,185.88M,185.88M
691,VTR,30-Jun-2019,All values USD millions.,22.99B,11.89B,1.06B,10.82B,11.1B
692,VZ,30-Jun-2019,All values USD millions.,283.11B,225.16B,128.44B,56.58B,57.95B
693,WAB,30-Jun-2019,All values USD millions.,18.94B,9.11B,12.52B,9.8B,9.84B
694,WAT,30-Jun-2019,All values USD millions.,2.82B,2.27B,599.98M,556.25M,556.25M
695,WBA,31-May-2019,All values USD millions.,68.59B,43.82B,28.04B,24.13B,24.77B
696,WCG,30-Jun-2019,All values USD millions.,13.21B,8.6B,3.17B,4.6B,4.6B
697,WDC,30-Jun-2019,All values USD millions.,26.37B,16.4B,11.79B,9.97B,9.97B
698,WEC,30-Jun-2019,All values USD millions.,33.93B,23.79B,3.05B,10.05B,10.15B
699,WELL,30-Jun-2019,All values USD millions.,33.15B,16.7B,68.32M,14.99B,16.45B
700,WFC,30-Jun-2019,All values USD millions.,1.92T,,26.91B,199.04B,200.04B
701,WHR,30-Jun-2019,All values USD millions.,19.86B,16.19B,4.71B,2.75B,3.67B
702,WINMQ,31-Mar-2019,All values USD millions.,10.86B,12.05B,1.61B,(1.36B),(1.36B)
703,WLTW,30-Jun-2019,All values USD millions.,35.17B,24.93B,13.51B,10.09B,10.23B
704,WM,30-Jun-2019,All values USD millions.,25.99B,19.52B,7.06B,6.47B,6.47B
705,WMB,30-Jun-2019,All values USD millions.,46.51B,29.43B,8.12B,13.85B,17.08B
706,WMT,31-Jul-2019,All values USD millions.,234.86B,157.73B,31.45B,70.33B,77.13B
707,WOPEY,30-Jun-2019,All values AUD millions.,41.79B,16.55B,-,24.09B,25.24B
708,WPG,30-Jun-2019,All values USD millions.,4.31B,3.3B,-,874.37M,1B
709,WRK,30-Jun-2019,All values USD millions.,30.81B,18.97B,11.5B,11.83B,11.84B
710,WRLD,30-Jun-2019,All values USD millions.,1.04B,491.03M,30.89M,549.66M,549.66M
711,WTKWY,30-Jun-2019,All values EUR millions.,8.52B,6.24B,5.77B,2.29B,2.29B
712,WU,30-Jun-2019,All values USD millions.,9.04B,9.01B,3.1B,(309.8M),(309.8M)
713,WY,30-Jun-2019,All values USD millions.,17.03B,8.31B,288M,8.72B,8.72B
714,WYNN,30-Jun-2019,All values USD millions.,13.17B,11.31B,133.07M,2.05B,1.85B
715,XEC,30-Jun-2019,All values USD millions.,7.6B,3.65B,727.57M,3.94B,3.94B
716,XEL,30-Jun-2019,All values USD millions.,48.58B,36.22B,-,12.37B,12.37B
717,XLNX,30-Jun-2019,All values USD millions.,4.97B,2.36B,449.49M,2.61B,2.61B
718,XOM,30-Jun-2019,All values USD millions.,360.73B,162.26B,-,191.38B,198.47B
719,XRAY,30-Jun-2019,All values USD millions.,8.58B,3.39B,5.71B,5.18B,5.18B
720,XRF,30-Sep-2018,All values USD millions.,91.11M,76.44M,-,14.67M,14.67M
721,XRX,31-Mar-2019,All values USD millions.,14.8B,9.52B,4.1B,5.24B,5.28B
722,XYL,30-Jun-2019,All values USD millions.,7.67B,4.77B,4.21B,2.89B,2.91B
723,YUM,30-Jun-2019,All values USD millions.,4.67B,12.67B,769M,(7.93B),(7.93B)
724,Z,30-Jun-2019,All values USD millions.,4.83B,1.55B,2.19B,3.28B,3.28B
725,ZBH,30-Jun-2019,All values USD millions.,24.21B,12.54B,17.12B,11.66B,11.66B
726,ZION,30-Jun-2019,All values USD millions.,70.07B,,1.01B,7.6B,7.6B
727,ZTS,30-Jun-2019,All values USD millions.,10.99B,8.58B,4.42B,2.41B,2.41B
